{"Mean":{"confidence_interval":{"confidence_level":0.95,"lower_bound":0.03228951153525296,"upper_bound":0.05813854048162567},"point_estimate":0.04570058571514379,"standard_error":0.0066409894270476125},"Median":{"confidence_interval":{"confidence_level":0.95,"lower_bound":0.021152387001462047,"upper_bound":0.04281593167671516},"point_estimate":0.03329569469999871,"standard_error":0.006120928068900766}}