{"Mean":{"confidence_interval":{"confidence_level":0.95,"lower_bound":27169546.74571029,"upper_bound":27782505.189593893},"point_estimate":27463687.76982861,"standard_error":156180.12571206817},"Median":{"confidence_interval":{"confidence_level":0.95,"lower_bound":26699757.74350205,"upper_bound":27244150.513888888},"point_estimate":27009082.949074075,"standard_error":149743.76445470421},"MedianAbsDev":{"confidence_interval":{"confidence_level":0.95,"lower_bound":775505.6880297055,"upper_bound":1462208.6760143698},"point_estimate":1172862.0980065688,"standard_error":180650.44652314173},"Slope":{"confidence_interval":{"confidence_level":0.95,"lower_bound":26710874.871261496,"upper_bound":27207473.257023413},"point_estimate":26940878.238117334,"standard_error":126885.34898785163},"StdDev":{"confidence_interval":{"confidence_level":0.95,"lower_bound":1202164.4285160406,"upper_bound":1915722.0316615722},"point_estimate":1576487.4175531333,"standard_error":183285.2525985905}}